{"model": "TinyVGG", "machine": "Nvidia GeForce GTX 1650", "device": "cuda", "dataset_name": "cifar10", "batch_size": 32, "image_size": [224, 224], "num_epochs": 3, "num_train_samples": 50000, "num_test_samples": 10000, "train_time": 351.445, "time per epoch": 117.148, "train_loss": [1.8179092027404258, 1.6122885394081121, 1.5660898306395714], "train_acc": [0.3532069737683941, 0.4339411388355726, 0.449736084452975], "test_loss": [2.303729597371988, 1.7119814694499056, 1.5584464431189882], "test_acc": [0.09984025559105432, 0.39586661341853036, 0.4527755591054313]}