{"model": "TinyVGG", "machine": "Nvidia RX 3080", "device": "cuda", "dataset_name": "cifar10", "batch_size": 32, "image_size": [224, 224], "num_epochs": 3, "num_train_samples": 50000, "num_test_samples": 10000, "train_time": 96.378, "time per epoch": 32.126, "train_loss": [1.8558429258417335, 1.6705222685826717, 1.618978859748279], "train_acc": [0.3352927063339731, 0.4103486884197057, 0.432221689059501], "test_loss": [2.3037297055363273, 1.731981242426668, 1.629718072879048], "test_acc": [0.09984025559105432, 0.3887779552715655, 0.4187300319488818]}