{"model": "TinyVGG", "machine": "Apple M2 Pro", "device": "mps", "dataset_name": "cifar10", "batch_size": 32, "image_size": [224, 224], "num_epochs": 3, "num_train_samples": 50000, "num_test_samples": 10000, "train_time": 236.296, "time per epoch": 78.765, "train_loss": [1.8549461280086905, 1.6445989980959999, 1.5812949804030239], "train_acc": [0.33521273192578377, 0.42072536788227766, 0.4428382917466411], "test_loss": [2.3037295684266015, 1.7090324490976792, 1.584333894732661], "test_acc": [0.09984025559105432, 0.39916134185303515, 0.43720047923322686]}