{"model": "TinyVGG", "machine": "Apple M1 Pro", "device": "cpu", "dataset_name": "cifar10", "batch_size": 32, "image_size": [224, 224], "num_epochs": 3, "num_train_samples": 50000, "num_test_samples": 10000, "train_time": 2997.239, "time per epoch": 999.08, "train_loss": [1.8600135903593369, 1.7282720739385369, 1.6423773169898865], "train_acc": [0.3328134996801024, 0.38929542546385154, 0.42044545745361483], "test_loss": [2.303729611082961, 1.764672413039893, 1.69828955548259], "test_acc": [0.09984025559105432, 0.3784944089456869, 0.397064696485623]}